<?xml version="1.0" encoding="UTF-8"?>
<beans xmlns="http://www.springframework.org/schema/beans"
	xmlns:xsi="http://www.w3.org/2001/XMLSchema-instance" xmlns:context="http://www.springframework.org/schema/context"
	xmlns:mvc="http://www.springframework.org/schema/mvc"
	xsi:schemaLocation="http://www.springframework.org/schema/beans http://www.springframework.org/schema/beans/spring-beans.xsd
		http://www.springframework.org/schema/context http://www.springframework.org/schema/context/spring-context-4.3.xsd
		http://www.springframework.org/schema/mvc http://www.springframework.org/schema/mvc/spring-mvc-4.3.xsd">


	<!-- Le decimos a Spring MVC que detecte automaticamente todos los Beans de tipo @Controller-->
	<context:component-scan base-package="com.cine.app.controller" />
	
	<!-- Necesario para poder utilizar MVC con Anotaciones -->
	<!-- 
	<mvc:annotation-driven />
	 -->
	<mvc:annotation-driven >
		<mvc:argument-resolvers>
			<bean class="org.springframework.data.web.PageableHandlerMethodArgumentResolver">
				<property name="maxPageSize" value="5"></property>
			</bean>
		</mvc:argument-resolvers>
	</mvc:annotation-driven>
	
	<!-- Le indicamos a Spring MVC a donde debera ir a buscar las vistas (JSPs) -->
	<mvc:annotation-driven />
	<bean id="viewResolver"
		class="org.springframework.web.servlet.view.InternalResourceViewResolver">
		<property name="prefix">
			<value>/WEB-INF/views/</value>
		</property>
		<property name="suffix">
			<value>.jsp</value>
		</property>
	</bean>
	
	<!-- Para habilitar los recursos estaticos (js, css, images) -->
	<mvc:resources mapping="/resources/**" location="/resources/" />
	
	<!-- Para habilitar Upload Files -->
	<bean id="multipartResolver" class="org.springframework.web.multipart.support.StandardServletMultipartResolver" />

</beans>
